column1a,column2a,column3a,column4a,column5a,column6a,column7a,column8a,column9a,column10a
column1b,column2b,column3b,column4b,column5b,column6b,column7b,column8b,column9b,column10b
column1c,column2c,column3c,column4c,column5c,column6c,column7c,column8c,column9c,column10c
column1d,column2d,column3d,column4d,column5d,column6d,column7d,column8d,column9d,column10d
column1e,column2e,column3e,column4e,column5e,column6e,column7e,column8e,column9e,column10e
column1f,column2f,column3f,column4f,column5f,column6f,column7f,column8f,column9f,column10f
column1g,column2g,column3g,column4g,column5g,column6g,column7g,column8g,column9g,column10g
column1h,column2h,column3h,column4h,column5h,column6h,column7h,column8h,column9h,column10h
column1i,column2i,column3i,column4i,column5i,column6i,column7i,column8i,column9i,column10i
column1j,column2j,column3j,column4j,column5j,column6j,column7j,column8j,column9j,column10j
